customer_key,customer_id,store_id,address_id,active,full_name,city,country
0,1,1,5,1,MARY SMITH,Sasebo,Japan
1,2,1,6,1,PATRICIA JOHNSON,San Bernardino,United States
2,3,1,7,1,LINDA WILLIAMS,Athenai,Greece
3,4,2,8,1,BARBARA JONES,Myingyan,Myanmar
4,5,1,9,1,ELIZABETH BROWN,Nantou,Taiwan
5,6,2,10,1,JENNIFER DAVIS,Laredo,United States
6,7,1,11,1,MARIA MILLER,Kragujevac,Yugoslavia
7,8,2,12,1,SUSAN WILSON,Hamilton,New Zealand
8,9,2,13,1,MARGARET MOORE,Masqat,Oman
9,10,1,14,1,DOROTHY TAYLOR,Esfahan,Iran
10,11,2,15,1,LISA ANDERSON,Sagamihara,Japan
11,12,1,16,1,NANCY THOMAS,Yamuna Nagar,India
12,13,2,17,1,KAREN JACKSON,Osmaniye,Turkey
13,14,2,18,1,BETTY WHITE,Citrus Heights,United States
14,15,1,19,1,HELEN HARRIS,Bhopal,India
15,16,2,20,0,SANDRA MARTIN,Southend-on-Sea,United Kingdom
16,17,1,21,1,DONNA THOMPSON,Elista,Russian Federation
17,18,2,22,1,CAROL GARCIA,Kaduna,Nigeria
18,19,1,23,1,RUTH MARTINEZ,Kimberley,South Africa
19,20,2,24,1,SHARON ROBINSON,Mardan,Pakistan
20,21,1,25,1,MICHELLE CLARK,Tangail,Bangladesh
21,22,1,26,1,LAURA RODRIGUEZ,Sal,Morocco
22,23,2,27,1,SARAH LEWIS,Liepaja,Latvia
23,24,2,28,1,KIMBERLY LEE,Crdoba,Argentina
24,25,1,29,1,DEBORAH WALKER,Shikarpur,Pakistan
25,26,2,30,1,JESSICA HALL,Citt del Vaticano,Holy See (Vatican City State)
26,27,2,31,1,SHIRLEY ALLEN,Davao,Philippines
27,28,1,32,1,CYNTHIA YOUNG,Munger (Monghyr),India
28,29,2,33,1,ANGELA HERNANDEZ,Shimonoseki,Japan
29,30,1,34,1,MELISSA KING,Lungtan,Taiwan
30,31,2,35,1,BRENDA WRIGHT,Kamarhati,India
31,32,1,36,1,AMY LOPEZ,Jhansi,India
32,33,2,37,1,ANNA HILL,Alessandria,Italy
33,34,2,38,1,REBECCA SCOTT,Kurashiki,Japan
34,35,2,39,1,VIRGINIA GREEN,Toulouse,France
35,36,2,40,1,KATHLEEN ADAMS,Arak,Iran
36,37,1,41,1,PAMELA BAKER,Nanyang,China
37,38,1,42,1,MARTHA GONZALEZ,Chisinau,Moldova
38,39,1,43,1,DEBRA NELSON,Vila Velha,Brazil
39,40,2,44,1,AMANDA CARTER,Nador,Morocco
40,41,1,45,1,STEPHANIE MITCHELL,Yerevan,Armenia
41,42,2,46,1,CAROLYN PEREZ,Pak Kret,Thailand
42,43,2,47,1,CHRISTINE ROBERTS,Faaa,French Polynesia
43,44,1,48,1,MARIE TURNER,Lipetsk,Russian Federation
44,45,1,49,1,JANET PHILLIPS,Antofagasta,Chile
45,46,2,50,1,CATHERINE CAMPBELL,Moscow,Russian Federation
46,47,1,51,1,FRANCES PARKER,Juazeiro do Norte,Brazil
47,48,1,52,1,ANN EVANS,Niznekamsk,Russian Federation
48,49,2,53,1,JOYCE EDWARDS,Jedda,Saudi Arabia
49,50,1,54,1,DIANE COLLINS,Omdurman,Sudan
50,51,1,55,1,ALICE STEWART,Fontana,United States
51,52,1,56,1,JULIE SANCHEZ,A Corua (La Corua),Spain
52,53,1,57,1,HEATHER MORRIS,Nagareyama,Japan
53,54,1,58,1,TERESA ROGERS,Iwakuni,Japan
54,55,2,59,1,DORIS REED,Balaiha,Russian Federation
55,56,1,60,1,GLORIA COOK,Papeete,French Polynesia
56,57,2,61,1,EVELYN MORGAN,Vaduz,Liechtenstein
57,58,1,62,1,JEAN BELL,Kuching,Malaysia
58,59,1,63,1,CHERYL MURPHY,Mysore,India
59,60,1,64,1,MILDRED BAILEY,Jaipur,India
60,61,2,65,1,KATHERINE RIVERA,Basel,Switzerland
61,62,1,66,1,JOAN COOPER,Saint Louis,United States
62,63,1,67,1,ASHLEY RICHARDSON,Lincoln,United States
63,64,2,68,0,JUDITH COX,Daxian,China
64,65,2,69,1,ROSE HOWARD,Cayenne,French Guiana
65,66,2,70,1,JANICE WARD,Malm,Sweden
66,67,1,71,1,KELLY TORRES,Xiangtan,China
67,68,1,72,1,NICOLE PETERSON,Shivapuri,India
68,69,2,73,1,JUDY GRAY,Bchar,Algeria
69,70,2,74,1,CHRISTINA RAMIREZ,al-Hawiya,Saudi Arabia
70,71,1,75,1,KATHY JAMES,Baybay,Philippines
71,72,2,76,1,THERESA WATSON,Taguig,Philippines
72,73,2,77,1,BEVERLY BROOKS,Chiayi,Taiwan
73,74,1,78,1,DENISE KELLY,Rio Claro,Brazil
74,75,2,79,1,TAMMY SANDERS,Changhwa,Taiwan
75,76,2,80,1,IRENE PRICE,Pavlodar,Kazakstan
76,77,2,81,1,JANE BENNETT,Araatuba,Brazil
77,78,1,82,1,LORI WOOD,Rae Bareli,India
78,79,1,83,1,RACHEL BARNES,Kamakura,Japan
79,80,1,84,1,MARILYN ROSS,Ife,Nigeria
80,81,1,85,1,ANDREA HENDERSON,Mahajanga,Madagascar
81,82,1,86,1,KATHRYN COLEMAN,Simferopol,Ukraine
82,83,1,87,1,LOUISE JENKINS,Springs,South Africa
83,84,2,88,1,SARA PERRY,Atlixco,Mexico
84,85,2,89,1,ANNE POWELL,Bradford,United Kingdom
85,86,2,90,1,JACQUELINE LONG,Songkhla,Thailand
86,87,1,91,1,WANDA PATTERSON,Sincelejo,Colombia
87,88,2,92,1,BONNIE HUGHES,Cheju,South Korea
88,89,1,93,1,JULIA FLORES,La Plata,Argentina
89,90,2,94,1,RUBY WASHINGTON,Meixian,China
90,91,2,95,1,LOIS BUTLER,Bandar Seri Begawan,Brunei
91,92,2,96,1,TINA SIMMONS,Goinia,Brazil
92,93,1,97,1,PHYLLIS FOSTER,Zalantun,China
93,94,1,98,1,NORMA GONZALES,Bislig,Philippines
94,95,2,99,1,PAULA BRYANT,Pathankot,India
95,96,1,100,1,DIANA ALEXANDER,Augusta-Richmond County,United States
96,97,2,101,1,ANNIE RUSSELL,Tete,Mozambique
97,98,1,102,1,LILLIAN GRIFFIN,al-Ayn,United Arab Emirates
98,99,2,103,1,EMILY DIAZ,Kimchon,South Korea
99,100,1,104,1,ROBIN HAYES,Jelets,Russian Federation
100,101,1,105,1,PEGGY MYERS,Abha,Saudi Arabia
101,102,1,106,1,CRYSTAL FORD,Ashdod,Israel
102,103,1,107,1,GLADYS HAMILTON,Ilorin,Nigeria
103,104,1,108,1,RITA GRAHAM,Toulon,France
104,105,1,109,1,DAWN SULLIVAN,Funafuti,Tuvalu
105,106,1,110,1,CONNIE WALLACE,Ivanovo,Russian Federation
106,107,1,111,1,FLORENCE WOODS,Merlo,Argentina
107,108,1,112,1,TRACY COLE,Huixquilucan,Mexico
108,109,2,113,1,EDNA WEST,Klerksdorp,South Africa
109,110,2,114,1,TIFFANY JORDAN,Enshi,China
110,111,1,115,1,CARMEN OWENS,Caracas,Venezuela
111,112,2,116,1,ROSA REYNOLDS,Lancaster,United States
112,113,2,117,1,CINDY FISHER,Cuman,Venezuela
113,114,2,118,1,GRACE ELLIS,Duisburg,Germany
114,115,1,119,1,WENDY HARRISON,Nezahualcyotl,Mexico
115,116,1,120,1,VICTORIA GIBSON,Pemalang,Indonesia
116,117,1,121,1,EDITH MCDONALD,Gandhinagar,India
117,118,1,122,1,KIM CRUZ,Grand Prairie,United States
118,119,1,123,1,SHERRY MARSHALL,Shubra al-Khayma,Egypt
119,120,2,124,1,SYLVIA ORTIZ,Dos Quebradas,Colombia
120,121,1,125,1,JOSEPHINE GOMEZ,Etawah,India
121,122,1,126,1,THELMA MURRAY,Lima,Peru
122,123,2,127,1,SHANNON FREEMAN,Varanasi (Benares),India
123,124,1,128,0,SHEILA WELLS,Ktahya,Turkey
124,125,1,129,1,ETHEL WEBB,Boksburg,South Africa
125,126,1,130,1,ELLEN SIMPSON,Po,Brazil
126,127,2,131,1,ELAINE STEVENS,Smolensk,Russian Federation
127,128,1,132,1,MARJORIE TUCKER,Jastrzebie-Zdrj,Poland
128,129,1,133,1,CARRIE PORTER,Liaocheng,China
129,130,1,134,1,CHARLOTTE HUNTER,guas Lindas de Gois,Brazil
130,131,2,135,1,MONICA HICKS,Mukateve,Ukraine
131,132,2,136,1,ESTHER CRAWFORD,Botshabelo,South Africa
132,133,1,137,1,PAULINE HENRY,Torren,Mexico
133,134,1,138,1,EMMA BOYD,Qalyub,Egypt
134,135,2,139,1,JUANITA MASON,Pune,India
135,136,2,140,1,ANITA MORALES,Hubli-Dharwad,India
136,137,2,141,1,RHONDA KENNEDY,Apeldoorn,Netherlands
137,138,1,142,1,HAZEL WARREN,Hohhot,China
138,139,1,143,1,AMBER DIXON,Touliu,Taiwan
139,140,1,144,1,EVA RAMOS,Clarksville,United States
140,141,1,145,1,DEBBIE REYES,Fukuyama,Japan
141,142,1,146,1,APRIL BURNS,Dundee,United Kingdom
142,143,1,147,1,LESLIE GORDON,Kilis,Turkey
143,144,1,148,1,CLARA SHAW,Molodetno,Belarus
144,145,1,149,1,LUCILLE HOLMES,Soshanguve,South Africa
145,146,1,150,1,JAMIE RICE,Sterling Heights,United States
146,147,2,151,1,JOANNE ROBERTSON,Urawa,Japan
147,148,1,152,1,ELEANOR HUNT,Saint-Denis,Runion
148,149,1,153,1,VALERIE BLACK,Brockton,United States
149,150,2,154,1,DANIELLE DANIELS,Hidalgo,Mexico
150,151,2,155,1,MEGAN PALMER,Laiwu,China
151,152,1,156,1,ALICIA MILLS,Nagaon,India
152,153,2,157,1,SUZANNE NICHOLS,Jakarta,Indonesia
153,154,2,158,1,MICHELE GRANT,Yuncheng,China
154,155,1,159,1,GAIL KNIGHT,Bern,Switzerland
155,156,1,160,1,BERTHA FERGUSON,Ondo,Nigeria
156,157,2,161,1,DARLENE ROSE,Pyongyang,North Korea
157,158,1,162,1,VERONICA STONE,Greensboro,United States
158,159,1,163,1,JILL HAWKINS,Linz,Austria
159,160,2,164,1,ERIN DUNN,Ljubertsy,Russian Federation
160,161,1,165,1,GERALDINE PERKINS,Tel Aviv-Jaffa,Israel
161,162,2,166,1,LAUREN HUDSON,Le Mans,France
162,163,1,167,1,CATHY SPENCER,Kakamigahara,Japan
163,164,2,168,1,JOANN GARDNER,Tarsus,Turkey
164,165,2,169,1,LORRAINE STEPHENS,Hami,China
165,166,1,170,1,LYNN PAYNE,Lilongwe,Malawi
166,167,2,171,1,SALLY PIERCE,Chandrapur,India
167,168,1,172,1,REGINA BERRY,Jinchang,China
168,169,2,173,0,ERICA MATTHEWS,Pingxiang,China
169,170,1,174,1,BEATRICE ARNOLD,Udaipur,India
170,171,2,175,1,DOLORES WAGNER,Ipoh,Malaysia
171,172,1,176,1,BERNICE WILLIS,Batman,Turkey
172,173,1,177,1,AUDREY RAY,Graz,Austria
173,174,2,178,1,YVONNE WATKINS,Ocumare del Tuy,Venezuela
174,175,1,179,1,ANNETTE OLSON,Allappuzha (Alleppey),India
175,176,1,180,1,JUNE CARROLL,Skikda,Algeria
176,177,2,181,1,SAMANTHA DUNCAN,Matamoros,Mexico
177,178,2,182,1,MARION SNYDER,Santa Brbara dOeste,Brazil
178,179,1,183,1,DANA HART,Kirovo-Tepetsk,Russian Federation
179,180,2,184,1,STACY CUNNINGHAM,Pereira,Colombia
180,181,2,185,1,ANA BRADLEY,Memphis,United States
181,182,1,186,1,RENEE LANE,Compton,United States
182,183,2,187,1,IDA ANDREWS,Luzinia,Brazil
183,184,1,188,1,VIVIAN RUIZ,s-Hertogenbosch,Netherlands
184,185,1,189,1,ROBERTA HARPER,Shahr-e Kord,Iran
185,186,2,190,1,HOLLY FOX,Haldia,India
186,187,2,191,1,BRITTANY RILEY,Sumy,Ukraine
187,188,1,192,1,MELANIE ARMSTRONG,Bayugan,Philippines
188,189,1,193,1,LORETTA CARPENTER,Oshawa,Canada
189,190,2,194,1,YOLANDA WEAVER,Tabora,Tanzania
190,191,1,195,1,JEANETTE GREENE,Novoterkassk,Russian Federation
191,192,1,196,1,LAURIE LAWRENCE,Firozabad,India
192,193,2,197,1,KATIE ELLIOTT,Kisumu,Kenya
193,194,2,198,1,KRISTEN CHAVEZ,Hino,Japan
194,195,1,199,1,VANESSA SIMS,Siegen,Germany
195,196,1,200,1,ALMA AUSTIN,Mannheim,Germany
196,197,2,201,1,SUE PETERS,Changzhou,China
197,198,2,202,1,ELSIE KELLEY,Ikerre,Nigeria
198,199,2,203,1,BETH FRANKLIN,Haiphong,Vietnam
199,200,2,204,1,JEANNE LAWSON,Ashgabat,Turkmenistan
200,201,1,205,1,VICKI FIELDS,Witten,Germany
201,202,2,206,1,CARLA GUTIERREZ,Bhusawal,India
202,203,1,207,1,TARA RYAN,Gorontalo,Indonesia
203,204,1,208,1,ROSEMARY SCHMIDT,Usak,Turkey
204,205,2,209,1,EILEEN CARR,Ciudad del Este,Paraguay
205,206,1,210,1,TERRI VASQUEZ,Blumenau,Brazil
206,207,1,211,1,GERTRUDE CASTILLO,Nuuk,Greenland
207,208,1,212,1,LUCY WHEELER,Balurghat,India
208,209,2,213,1,TONYA CHAPMAN,Bhilwara,India
209,210,2,214,1,ELLA OLIVER,Aden,Yemen
210,211,1,215,1,STACEY MONTGOMERY,Fuyu,China
211,212,2,216,1,WILMA RICHARDS,Bellevue,United States
212,213,1,217,1,GINA WILLIAMSON,Taizz,Yemen
213,214,1,218,1,KRISTIN JOHNSTON,Sunnyvale,United States
214,215,2,219,1,JESSIE BANKS,Stara Zagora,Bulgaria
215,216,1,220,1,NATALIE MEYER,Aparecida de Goinia,Brazil
216,217,2,221,1,AGNES BISHOP,Sambhal,India
217,218,1,222,1,VERA MCCOY,Kabul,Afghanistan
218,219,2,223,1,WILLIE HOWELL,Vicente Lpez,Argentina
219,220,2,224,1,CHARLENE ALVAREZ,Zanzibar,Tanzania
220,221,1,225,1,BESSIE MORRISON,Syrakusa,Italy
221,222,2,226,1,DELORES HANSEN,Jaroslavl,Russian Federation
222,223,1,227,1,MELINDA FERNANDEZ,Mandi Bahauddin,Pakistan
223,224,2,228,1,PEARL GARZA,Jodhpur,India
224,225,1,229,1,ARLENE HARVEY,Ambattur,India
225,226,2,230,1,MAUREEN LITTLE,Asuncin,Paraguay
226,227,1,231,1,COLLEEN BURTON,Saarbrcken,Germany
227,228,2,232,1,ALLISON STANLEY,Phnom Penh,Cambodia
228,229,1,233,1,TAMARA NGUYEN,Anpolis,Brazil
229,230,2,234,1,JOY GEORGE,Botosani,Romania
230,231,1,235,1,GEORGIA JACOBS,Uttarpara-Kotrung,India
231,232,2,236,1,CONSTANCE REID,Zaria,Nigeria
232,233,2,237,1,LILLIE KIM,Idfu,Egypt
233,234,1,238,1,CLAUDIA FULLER,Jalib al-Shuyukh,Kuwait
234,235,1,239,1,JACKIE LYNCH,Buenaventura,Colombia
235,236,1,240,1,MARCIA DEAN,Tanza,Philippines
236,237,1,241,1,TANYA GILBERT,Naju,South Korea
237,238,1,242,1,NELLIE GARRETT,Shimoga,India
238,239,2,243,1,MINNIE ROMERO,Ciomas,Indonesia
239,240,1,244,1,MARLENE WELCH,Iwaki,Japan
240,241,2,245,0,HEIDI LARSON,Xiangfan,China
241,242,1,246,1,GLENDA FRAZIER,Qinhuangdao,China
242,243,1,247,1,LYDIA BURKE,San Miguel de Tucumn,Argentina
243,244,2,248,1,VIOLA HANSON,Lapu-Lapu,Philippines
244,245,1,249,1,COURTNEY DAY,Uijongbu,South Korea
245,246,1,250,1,MARIAN MENDOZA,Maring,Brazil
246,247,1,251,1,STELLA MORENO,Coacalco de Berriozbal,Mexico
247,248,1,252,1,CAROLINE BOWMAN,Tallahassee,United States
248,249,2,253,1,DORA MEDINA,Tianjin,China
249,250,2,254,1,JO FOWLER,Oyo,Nigeria
250,251,2,255,1,VICKIE BREWER,Halle/Saale,Germany
251,252,2,256,1,MATTIE HOFFMAN,London,United Kingdom
252,253,1,258,1,TERRY CARLSON,Miyakonojo,Japan
253,254,2,259,1,MAXINE SILVA,Poos de Caldas,Brazil
254,255,2,260,1,IRMA PEARSON,Hagonoy,Philippines
255,256,2,261,1,MABEL HOLLAND,Monywa,Myanmar
256,257,2,262,1,MARSHA DOUGLAS,Beira,Mozambique
257,258,1,263,1,MYRTLE FLEMING,Santiago de los Caballeros,Dominican Republic
258,259,2,264,1,LENA JENSEN,Halisahar,India
259,260,1,265,1,CHRISTY VARGAS,Datong,China
260,261,1,266,1,DEANNA BYRD,Tuguegarao,Philippines
261,262,2,267,1,PATSY DAVIDSON,Portoviejo,Ecuador
262,263,1,268,1,HILDA HOPKINS,Mandaluyong,Philippines
263,264,1,269,1,GWENDOLYN MAY,Higashiosaka,Japan
264,265,2,270,1,JENNIE TERRY,Olomouc,Czech Republic
265,266,2,271,1,NORA HERRERA,Salzburg,Austria
266,267,1,272,1,MARGIE WADE,Lengshuijiang,China
267,268,1,273,1,NINA SOTO,Palghat (Palakkad),India
268,269,1,274,1,CASSANDRA WALTERS,Salinas,United States
269,270,1,275,1,LEAH CURTIS,Kalisz,Poland
270,271,1,276,0,PENNY NEAL,Kumbakonam,India
271,272,1,277,1,KAY CALDWELL,Yantai,China
272,273,2,278,1,PRISCILLA LOWE,Salamanca,Mexico
273,274,1,279,1,NAOMI JENNINGS,Karnal,India
274,275,2,280,1,CAROLE BARNETT,Peoria,United States
275,276,1,281,1,BRANDY GRAVES,Warren,United States
276,277,2,282,1,OLGA JIMENEZ,Ogbomosho,Nigeria
277,278,2,283,1,BILLIE HORTON,Inegl,Turkey
278,279,2,284,1,DIANNE SHELTON,Tabriz,Iran
279,280,2,285,1,TRACEY BARRETT,Owo,Nigeria
280,281,2,286,1,LEONA OBRIEN,Fuzhou,China
281,282,2,287,1,JENNY CASTRO,Ponce,Puerto Rico
282,283,1,288,1,FELICIA SUTTON,Korla,China
283,284,1,289,1,SONIA GREGORY,Benin City,Nigeria
284,285,1,290,1,MIRIAM MCKINNEY,Otsu,Japan
285,286,1,291,1,VELMA LUCAS,Effon-Alaiye,Nigeria
286,287,2,292,1,BECKY MILES,Tambaram,India
287,288,1,293,1,BOBBIE CRAIG,Valle de Santiago,Mexico
288,289,1,294,1,VIOLET RODRIQUEZ,Kowloon and New Kowloon,Hong Kong
289,290,1,295,1,KRISTINA CHAMBERS,Valle de la Pascua,Venezuela
290,291,1,296,1,TONI HOLT,Roanoke,United States
291,292,2,297,1,MISTY LAMBERT,Sharja,United Arab Emirates
292,293,2,298,1,MAE FLETCHER,Donostia-San Sebastin,Spain
293,294,2,299,1,SHELLY WATTS,Dayton,United States
294,295,1,300,1,DAISY BATES,Kolpino,Russian Federation
295,296,2,301,1,RAMONA HALE,Patiala,India
296,297,1,302,1,SHERRI RHODES,Ahmadnagar,India
297,298,1,303,1,ERIKA PENA,Oulu,Finland
298,299,2,304,1,JAMES GANNON,Hiroshima,Japan
299,300,1,305,1,JOHN FARNSWORTH,Parbhani,India
300,301,2,306,1,ROBERT BAUGHMAN,Kaliningrad,Russian Federation
301,302,1,307,1,MICHAEL SILVERMAN,Tiefa,China
302,303,2,308,1,WILLIAM SATTERFIELD,Sanaa,Yemen
303,304,2,309,1,DAVID ROYAL,Callao,Peru
304,305,1,310,1,RICHARD MCCRARY,Arlington,United States
305,306,1,311,1,CHARLES KOWALSKI,Sungai Petani,Malaysia
306,307,2,312,1,JOSEPH JOY,Angra dos Reis,Brazil
307,308,1,313,1,THOMAS GRIGSBY,Kansas City,United States
308,309,1,314,1,CHRISTOPHER GRECO,Brescia,Italy
309,310,2,315,1,DANIEL CABRAL,Ibirit,Brazil
310,311,2,316,1,PAUL TROUT,Kursk,Russian Federation
311,312,2,317,1,MARK RINEHART,Tabuk,Saudi Arabia
312,313,2,318,1,DONALD MAHON,Ezhou,China
313,314,1,319,1,GEORGE LINTON,Sorocaba,Brazil
314,315,2,320,0,KENNETH GOODEN,Bat Yam,Israel
315,316,1,321,1,STEVEN CURLEY,Miraj,India
316,317,2,322,1,EDWARD BAUGH,Trshavn,Faroe Islands
317,318,1,323,1,BRIAN WYMAN,Bydgoszcz,Poland
318,319,2,324,1,RONALD WEINER,San Felipe del Progreso,Mexico
319,320,2,325,1,ANTHONY SCHWAB,Tafuna,American Samoa
320,321,1,326,1,KEVIN SCHULER,Birgunj,Nepal
321,322,1,327,1,JASON MORRISSEY,Baha Blanca,Argentina
322,323,2,328,1,MATTHEW MAHAN,Cuautla,Mexico
323,324,2,329,1,GARY COY,Yuzhou,China
324,325,1,330,1,TIMOTHY BUNN,Braslia,Brazil
325,326,1,331,1,JOSE ANDREW,Kingstown,Saint Vincent and the Grenadines
326,327,2,332,1,LARRY THRASHER,Adana,Turkey
327,328,2,333,1,JEFFREY SPEAR,Ciparay,Indonesia
328,329,2,334,1,FRANK WAGGONER,Jamalpur,Bangladesh
329,330,1,335,1,SCOTT SHELLEY,Aurora,United States
330,331,1,336,1,ERIC ROBERT,Santa F,Argentina
331,332,1,337,1,STEPHEN QUALLS,Dhaka,Bangladesh
332,333,2,338,1,ANDREW PURDY,Baku,Azerbaijan
333,334,2,339,1,RAYMOND MCWHORTER,Sumqayit,Azerbaijan
334,335,1,340,1,GREGORY MAULDIN,Sousse,Tunisia
335,336,1,341,1,JOSHUA MARK,Rampur,India
336,337,1,342,1,JERRY JORDON,Onomichi,Japan
337,338,1,343,1,DENNIS GILMAN,Paarl,South Africa
338,339,2,344,1,WALTER PERRYMAN,Xinxiang,China
339,340,1,345,1,PATRICK NEWSOM,Hanoi,Vietnam
340,341,1,346,1,PETER MENARD,Ede,Netherlands
341,342,1,347,1,HAROLD MARTINO,Boa Vista,Brazil
342,343,1,348,1,DOUGLAS GRAF,Mexicali,Mexico
343,344,1,349,1,HENRY BILLINGSLEY,Nukualofa,Tonga
344,345,1,350,1,CARL ARTIS,San Lorenzo,Paraguay
345,346,1,351,1,ARTHUR SIMPKINS,Maikop,Russian Federation
346,347,2,352,1,RYAN SALISBURY,Daugavpils,Latvia
347,348,2,353,1,ROGER QUINTANILLA,Hsichuh,Taiwan
348,349,2,354,1,JOE GILLILAND,Imus,Philippines
349,350,1,355,1,JUAN FRALEY,Teboksary,Russian Federation
350,351,1,356,1,JACK FOUST,Zeleznogorsk,Russian Federation
351,352,1,357,1,ALBERT CROUSE,Bamenda,Cameroon
352,353,1,358,1,JONATHAN SCARBOROUGH,Pachuca de Soto,Mexico
353,354,2,359,1,JUSTIN NGO,Santo Andr,Brazil
354,355,2,360,1,TERRY GRISSOM,Matsue,Japan
355,356,2,361,1,GERALD FULTZ,Satna,India
356,357,1,362,1,KEITH RICO,Bratislava,Slovakia
357,358,2,363,1,SAMUEL MARLOW,Ranchi,India
358,359,2,364,1,WILLIE MARKHAM,Almirante Brown,Argentina
359,360,2,365,1,RALPH MADRIGAL,Arecibo,Puerto Rico
360,361,2,366,1,LAWRENCE LAWTON,Yaound,Cameroon
361,362,1,367,1,NICHOLAS BARFIELD,Belm,Brazil
362,363,2,368,1,ROY WHITING,Nyeri,Kenya
363,364,1,369,1,BENJAMIN VARNEY,Guadalajara,Mexico
364,365,2,370,1,BRUCE SCHWARZ,Okinawa,Japan
365,366,1,371,1,BRANDON HUEY,Balikesir,Turkey
366,367,1,372,1,ADAM GOOCH,Adoni,India
367,368,1,373,0,HARRY ARCE,Najafabad,Iran
368,369,2,374,1,FRED WHEAT,Jurez,Mexico
369,370,2,375,1,WAYNE TRUONG,Gulbarga,India
370,371,1,376,1,BILLY POULIN,Cabuyao,Philippines
371,372,2,377,1,STEVE MACKENZIE,Probolinggo,Indonesia
372,373,1,378,1,LOUIS LEONE,Tanauan,Philippines
373,374,2,379,1,JEREMY HURTADO,Vitria de Santo Anto,Brazil
374,375,2,380,1,AARON SELBY,Mwene-Ditu,"Congo, The Democratic Republic of the"
375,376,1,381,1,RANDY GAITHER,Kurgan,Russian Federation
376,377,1,382,1,HOWARD FORTNER,Kermanshah,Iran
377,378,1,383,1,EUGENE CULPEPPER,Shenzhen,China
378,379,1,384,1,CARLOS COUGHLIN,Bhavnagar,India
379,380,1,385,1,RUSSELL BRINSON,Tychy,Poland
380,381,2,386,1,BOBBY BOUDREAU,South Hill,Anguilla
381,382,2,387,1,VICTOR BARKLEY,Manchester,United States
382,383,1,388,1,MARTIN BALES,Namibe,Angola
383,384,2,389,1,ERNEST STEPP,Huaian,China
384,385,1,390,1,PHILLIP HOLM,Tama,Japan
385,386,1,391,1,TODD TAN,Kamjanets-Podilskyi,Ukraine
386,387,2,392,1,JESSE SCHILLING,Lubumbashi,"Congo, The Democratic Republic of the"
387,388,2,393,1,CRAIG MORRELL,Cavite,Philippines
388,389,1,394,1,ALAN KAHN,Emeishan,China
389,390,1,395,1,SHAWN HEATON,Nakhon Sawan,Thailand
390,391,1,396,1,CLARENCE GAMEZ,Izumisano,Japan
391,392,2,397,1,SEAN DOUGLASS,Addis Abeba,Ethiopia
392,393,1,398,1,PHILIP CAUSEY,Korolev,Russian Federation
393,394,2,399,1,CHRIS BROTHERS,Gijn,Spain
394,395,2,400,1,JOHNNY TURPIN,al-Qadarif,Sudan
395,396,1,401,1,EARL SHANKS,Iwatsuki,Japan
396,397,1,402,1,JIMMY SCHRADER,Atinsk,Russian Federation
397,398,1,403,1,ANTONIO MEEK,Bag,Brazil
398,399,1,404,1,DANNY ISOM,Okara,Pakistan
399,400,2,405,1,BRYAN HARDISON,Dallas,United States
400,401,2,406,1,TONY CARRANZA,Koriyama,Japan
401,402,1,407,1,LUIS YANEZ,Brest,France
402,403,1,408,1,MIKE WAY,Valparai,India
403,404,2,409,1,STANLEY SCROGGINS,Omiya,Japan
404,405,1,410,1,LEONARD SCHOFIELD,Tandil,Argentina
405,406,1,411,0,NATHAN RUNYON,Charlotte Amalie,"Virgin Islands, U.S."
406,407,1,412,1,DALE RATCLIFF,Rustenburg,South Africa
407,408,1,413,1,MANUEL MURRELL,Jaffna,Sri Lanka
408,409,2,414,1,RODNEY MOELLER,Deba Habe,Nigeria
409,410,2,415,1,CURTIS IRBY,Richmond Hill,Canada
410,411,1,416,1,NORMAN CURRIER,Cianjur,Indonesia
411,412,2,417,1,ALLEN BUTTERFIELD,Hoshiarpur,India
412,413,2,418,1,MARVIN YEE,Berhampore (Baharampur),India
413,414,1,419,1,VINCENT RALSTON,Allende,Mexico
414,415,1,420,1,GLENN PULLEN,Amersfoort,Netherlands
415,416,2,421,1,JEFFERY PINSON,Dadu,Pakistan
416,417,1,422,1,TRAVIS ESTEP,al-Qatif,Saudi Arabia
417,418,2,423,1,JEFF EAST,San Felipe de Puerto Plata,Dominican Republic
418,419,1,424,1,CHAD CARBONE,Katihar,India
419,420,1,425,1,JACOB LANCE,El Monte,United States
420,421,1,426,1,LEE HAWKS,Pudukkottai,India
421,422,1,427,1,MELVIN ELLINGTON,Laohekou,China
422,423,2,428,1,ALFRED CASILLAS,Sawhaj,Egypt
423,424,2,429,1,KYLE SPURLOCK,Shanwei,China
424,425,2,430,1,FRANCIS SIKES,San Juan Bautista Tuxtepec,Mexico
425,426,1,431,1,BRADLEY MOTLEY,Purnea (Purnia),India
426,427,2,432,1,JESUS MCCARTNEY,Guaruj,Brazil
427,428,2,433,1,HERBERT KRUGER,Syktyvkar,Russian Federation
428,429,2,434,1,FREDERICK ISBELL,Tsuyama,Japan
429,430,1,435,1,RAY HOULE,Dzerzinsk,Russian Federation
430,431,2,436,1,JOEL FRANCISCO,Sucre,Bolivia
431,432,1,437,1,EDWIN BURK,Newcastle,South Africa
432,433,1,438,1,DON BONE,Naala-Porto,Mozambique
433,434,1,439,1,EDDIE TOMLIN,Ozamis,Philippines
434,435,2,440,1,RICKY SHELBY,Junan,China
435,436,1,441,1,TROY QUIGLEY,Vancouver,Canada
436,437,2,442,1,RANDALL NEUMANN,La Romana,Dominican Republic
437,438,1,443,1,BARRY LOVELACE,Kitwe,Zambia
438,439,2,444,1,ALEXANDER FENNELL,Bergamo,Italy
439,440,1,445,1,BERNARD COLBY,Dhule (Dhulia),India
440,441,1,446,1,MARIO CHEATHAM,Batna,Algeria
441,442,1,447,1,LEROY BUSTAMANTE,Tongliao,China
442,443,2,448,1,FRANCISCO SKIDMORE,So Leopoldo,Brazil
443,444,2,449,1,MARCUS HIDALGO,Tartu,Estonia
444,445,1,450,1,MICHEAL FORMAN,Escobar,Argentina
445,446,2,451,0,THEODORE CULP,Uluberia,India
446,447,1,452,1,CLIFFORD BOWENS,Nabereznyje Telny,Russian Federation
447,448,1,453,1,MIGUEL BETANCOURT,Erlangen,Germany
448,449,2,454,1,OSCAR AQUINO,Sirjan,Iran
449,450,1,455,1,JAY ROBB,Surakarta,Indonesia
450,451,1,456,1,JIM REA,El Fuerte,Mexico
451,452,1,457,1,TOM MILNER,Abu Dhabi,United Arab Emirates
452,453,1,458,1,CALVIN MARTEL,Maracabo,Venezuela
453,454,2,459,1,ALEX GRESHAM,Uruapan,Mexico
454,455,2,460,1,JON WILES,El Alto,Bolivia
455,456,2,461,1,RONNIE RICKETTS,Ziguinchor,Senegal
456,457,2,462,1,BILL GAVIN,Rockford,United States
457,458,1,463,1,LLOYD DOWD,Tegal,Indonesia
458,459,1,464,1,TOMMY COLLAZO,Qomsheh,Iran
459,460,1,465,1,LEON BOSTIC,Florencia,Colombia
460,461,1,466,1,DEREK BLAKELY,Gingoog,Philippines
461,462,2,467,1,WARREN SHERROD,Usolje-Sibirskoje,Russian Federation
462,463,2,468,1,DARRELL POWER,Halifax,Canada
463,464,1,469,1,JEROME KENYON,Rancagua,Chile
464,465,1,470,1,FLOYD GANDY,Zapopan,Mexico
465,466,1,471,1,LEO EBERT,Dongying,China
466,467,2,472,1,ALVIN DELOACH,Cuauhtmoc,Mexico
467,468,1,473,1,TIM CARY,Bijapur,India
468,469,2,474,1,WESLEY BULL,Ourense (Orense),Spain
469,470,1,475,1,GORDON ALLARD,Hodeida,Yemen
470,471,1,476,1,DEAN SAUER,Johannesburg,South Africa
471,472,1,477,1,GREG ROBINS,Nam Dinh,Vietnam
472,473,2,478,1,JORGE OLIVARES,Lhokseumawe,Indonesia
473,474,2,479,1,DUSTIN GILLETTE,Emmen,Netherlands
474,475,2,480,1,PEDRO CHESTNUT,ostka,Ukraine
475,476,1,481,1,DERRICK BOURQUE,Gatineau,Canada
476,477,1,482,1,DAN PAINE,Stockport,United Kingdom
477,478,1,483,1,LEWIS LYMAN,Ashqelon,Israel
478,479,1,484,1,ZACHARY HITE,Akron,United States
479,480,1,485,1,COREY HAUSER,Gaziantep,Turkey
480,481,1,486,1,HERMAN DEVORE,Mwanza,Tanzania
481,482,1,487,0,MAURICE CRAWLEY,Coatzacoalcos,Mexico
482,483,2,488,1,VERNON CHAPA,Denizli,Turkey
483,484,1,489,1,ROBERTO VU,Yinchuan,China
484,485,1,490,1,CLYDE TOBIAS,Shaoguan,China
485,486,1,491,1,GLEN TALBERT,Acua,Mexico
486,487,2,492,1,HECTOR POINDEXTER,Pjatigorsk,Russian Federation
487,488,2,493,1,SHANE MILLARD,La Paz,Mexico
488,489,1,494,1,RICARDO MEADOR,Okayama,Japan
489,490,1,495,1,SAM MCDUFFIE,Sogamoso,Colombia
490,491,2,496,1,RICK MATTOX,Mit Ghamr,Egypt
491,492,2,497,1,LESTER KRAUS,Kanchrapara,India
492,493,1,498,1,BRENT HARKINS,Sultanbeyli,Turkey
493,494,2,499,1,RAMON CHOATE,Robamba,Ecuador
494,495,2,500,1,CHARLIE BESS,Baiyin,China
495,496,2,501,1,TYLER WREN,Rizhao,China
496,497,2,502,1,GILBERT SLEDGE,York,United Kingdom
497,498,1,503,1,GENE SANBORN,Salala,Oman
498,499,2,504,1,MARC OUTLAW,Brindisi,Italy
499,500,1,505,1,REGINALD KINDER,Madiun,Indonesia
500,501,1,506,1,RUBEN GEARY,Lublin,Poland
501,502,1,507,1,BRETT CORNWELL,Siliguri (Shiliguri),India
502,503,1,508,1,ANGEL BARCLAY,Ueda,Japan
503,504,1,509,1,NATHANIEL ADAM,Joliet,United States
504,505,1,510,1,RAFAEL ABNEY,Talavera,Philippines
505,506,2,511,1,LESLIE SEWARD,Pontianak,Indonesia
506,507,2,512,1,EDGAR RHOADS,Eskisehir,Turkey
507,508,2,513,1,MILTON HOWLAND,Vijayawada,India
508,509,1,514,1,RAUL FORTIER,Chapra,India
509,510,2,515,0,BEN EASTER,Kamyin,Russian Federation
510,511,1,516,1,CHESTER BENNER,Suihua,China
511,512,1,517,1,CECIL VINES,London,United Kingdom
512,513,2,519,1,DUANE TUBBS,Yangor,Nauru
513,514,2,520,1,FRANKLIN TROUTMAN,Zaoyang,China
514,515,1,521,1,ANDRE RAPP,Coquimbo,Chile
515,516,2,522,1,ELMER NOE,Battambang,Cambodia
516,517,2,523,1,BRAD MCCURDY,Chungho,Taiwan
517,518,1,524,1,GABRIEL HARDER,Sivas,Turkey
518,519,2,525,1,RON DELUCA,Isesaki,Japan
519,520,2,526,1,MITCHELL WESTMORELAND,Nha Trang,Vietnam
520,521,2,527,1,ROLAND SOUTH,Yingkou,China
521,522,2,528,1,ARNOLD HAVENS,Santa Rosa,Philippines
522,523,1,529,1,HARVEY GUAJARDO,Vinh,Vietnam
523,524,1,530,1,JARED ELY,Purwakarta,Indonesia
524,525,2,531,1,ADRIAN CLARY,Udine,Italy
525,526,2,532,1,KARL SEAL,Cape Coral,United States
526,527,1,533,1,CORY MEEHAN,Mogiljov,Belarus
527,528,1,534,1,CLAUDE HERZOG,Benguela,Angola
528,529,2,535,1,ERIK GUILLEN,Bhimavaram,India
529,530,2,536,1,DARRYL ASHCRAFT,Ezeiza,Argentina
530,531,2,537,1,JAMIE WAUGH,Kuwana,Japan
531,532,2,538,1,NEIL RENNER,Cam Ranh,Vietnam
532,533,1,539,1,JESSIE MILAM,Binzhou,China
533,534,1,540,0,CHRISTIAN JUNG,Amroha,India
534,535,1,541,1,JAVIER ELROD,NDjamna,Chad
535,536,2,542,1,FERNANDO CHURCHILL,Tonghae,South Korea
536,537,2,543,1,CLINTON BUFORD,Aurora,United States
537,538,2,544,1,TED BREAUX,Baicheng,China
538,539,1,545,1,MATHEW BOLIN,Valencia,Venezuela
539,540,1,546,1,TYRONE ASHER,Ruse,Bulgaria
540,541,2,547,1,DARREN WINDHAM,Livorno,Italy
541,542,2,548,1,LONNIE TIRADO,Pangkal Pinang,Indonesia
542,543,1,549,1,LANCE PEMBERTON,Beni-Mellal,Morocco
543,544,2,550,1,CODY NOLEN,So Bernardo do Campo,Brazil
544,545,2,551,1,JULIO NOLAND,Konotop,Ukraine
545,546,1,552,1,KELLY KNOTT,Sanya,China
546,547,1,553,1,KURT EMMONS,Kanazawa,Japan
547,548,1,554,1,ALLAN CORNISH,Tarlac,Philippines
548,549,1,555,1,NELSON CHRISTENSON,Santiago de Compostela,Spain
549,550,2,556,1,GUY BROWNLEE,Zhoushan,China
550,551,2,557,1,CLAYTON BARBEE,Alvorada,Brazil
551,552,2,558,1,HUGH WALDROP,Haining,China
552,553,1,559,1,MAX PITT,Novi Sad,Yugoslavia
553,554,1,560,1,DWAYNE OLVERA,Rajkot,India
554,555,1,561,1,DWIGHT LOMBARDI,Chatsworth,South Africa
555,556,2,562,1,ARMANDO GRUBER,Southport,United Kingdom
556,557,1,563,1,FELIX GAFFNEY,Vilnius,Lithuania
557,558,1,564,0,JIMMIE EGGLESTON,Wroclaw,Poland
558,559,2,565,1,EVERETT BANDA,Bilbays,Egypt
559,560,1,566,1,JORDAN ARCHULETA,Avellaneda,Argentina
560,561,2,567,1,IAN STILL,Garland,United States
561,562,1,568,1,WALLACE SLONE,Sokoto,Nigeria
562,563,2,569,1,KEN PREWITT,Bucuresti,Romania
563,564,2,570,1,BOB PFEIFFER,Xintai,China
564,565,2,571,1,JAIME NETTLES,Hunuco,Peru
565,566,1,572,1,CASEY MENA,Tokat,Turkey
566,567,2,573,1,ALFREDO MCADAMS,Serpuhov,Russian Federation
567,568,2,574,1,ALBERTO HENNING,Barcelona,Venezuela
568,569,2,575,1,DAVE GARDINER,Leshan,China
569,570,2,576,1,IVAN CROMWELL,Monclova,Mexico
570,571,2,577,1,JOHNNIE CHISHOLM,Plock,Poland
571,572,1,578,1,SIDNEY BURLESON,Czestochowa,Poland
572,573,1,579,1,BYRON BOX,Zhezqazghan,Kazakstan
573,574,2,580,1,JULIAN VEST,Akishima,Japan
574,575,2,581,1,ISAAC OGLESBY,Cuernavaca,Mexico
575,576,2,582,1,MORRIS MCCARTER,Fengshan,Taiwan
576,577,2,583,1,CLIFTON MALCOLM,Tanshui,Taiwan
577,578,2,584,1,WILLARD LUMPKIN,Carmen,Mexico
578,579,2,585,1,DARYL LARUE,Mosul,Iraq
579,580,1,586,1,ROSS GREY,Iligan,Philippines
580,581,1,587,1,VIRGIL WOFFORD,Jos Azueta,Mexico
581,582,2,588,1,ANDY VANHORN,Huejutla de Reyes,Mexico
582,583,1,589,1,MARSHALL THORN,Southampton,United Kingdom
583,584,2,590,1,SALVADOR TEEL,Banjul,Gambia
584,585,1,591,1,PERRY SWAFFORD,Quilmes,Argentina
585,586,1,592,1,KIRK STCLAIR,Tsaotun,Taiwan
586,587,1,593,1,SERGIO STANFIELD,Celaya,Mexico
587,588,1,594,1,MARION OCAMPO,Weifang,China
588,589,1,595,1,TRACY HERRMANN,Loja,Ecuador
589,590,2,596,1,SETH HANNON,al-Manama,Bahrain
590,591,1,597,1,KENT ARSENAULT,Juiz de Fora,Brazil
591,592,1,598,0,TERRANCE ROUSH,Szkesfehrvr,Hungary
592,593,2,599,1,RENE MCALISTER,Garden Grove,United States
593,594,1,600,1,EDUARDO HIATT,Jining,China
594,595,1,601,1,TERRENCE GUNDERSON,Jinzhou,China
595,596,1,602,1,ENRIQUE FORSYTHE,Patras,Greece
596,597,1,603,1,FREDDIE DUGGAN,Sullana,Peru
597,598,1,604,1,WADE DELVALLE,Lausanne,Switzerland
598,599,2,605,1,AUSTIN CINTRON,Tieli,China
